序号,标题,发布时间,链接
1,习近平：做强做优做大实体经济,2026-05-15,https://www.gov.cn/yaowen/liebiao/202605/content_7068939.htm
2,《求是》杂志发表习近平总书记重要文章《做强做优做大实体经济》,2026-05-15,https://www.gov.cn/yaowen/liebiao/202605/content_7068937.htm
3,习近平同美国总统特朗普在中南海小范围会晤,2026-05-15,https://www.gov.cn/yaowen/liebiao/202605/content_7068921.htm
4,“需要共同书写的时代答卷”——习近平主席同特朗普总统会晤侧记,2026-05-15,https://www.gov.cn/yaowen/liebiao/202605/content_7068870.htm
5,习近平为美国总统特朗普举行欢迎宴会,2026-05-14,https://www.gov.cn/yaowen/liebiao/202605/content_7068804.htm
6,习近平同美国总统特朗普参观天坛,2026-05-14,https://www.gov.cn/yaowen/liebiao/202605/content_7068748.htm
7,习近平同美国总统特朗普会谈,2026-05-14,https://www.gov.cn/yaowen/liebiao/202605/content_7068733.htm
8,习近平会见随同美国总统特朗普访华的美国企业家,2026-05-14,https://www.gov.cn/yaowen/liebiao/202605/content_7068725.htm
9,总书记的人民情怀 | 为推进中国式现代化广泛凝聚力量,2026-05-14,https://www.gov.cn/yaowen/liebiao/202605/content_7068674.htm
10,习近平同塔吉克斯坦总统拉赫蒙会谈,2026-05-12,https://www.gov.cn/yaowen/liebiao/202605/content_7068513.htm
11,习近平会见联合国教科文组织总干事阿纳尼,2026-05-12,https://www.gov.cn/yaowen/liebiao/202605/content_7068505.htm
12,习近平会见文莱王储比拉,2026-05-12,https://www.gov.cn/yaowen/liebiao/202605/content_7068504.htm
13,总书记的人民情怀 | “必须抓好基层治理现代化这项基础性工作”,2026-05-07,https://www.gov.cn/yaowen/liebiao/202605/content_7067924.htm
14,习近平对湖南长沙浏阳市一烟花厂爆炸事故作出重要指示,2026-05-05,https://www.gov.cn/yaowen/liebiao/202605/content_7067797.htm
15,大国之大利天下——2026年春季中国元首外交纪事,2026-05-04,https://www.gov.cn/yaowen/liebiao/202605/content_7067793.htm
16,总书记寄语广大青年建功奋进新征程,2026-05-03,https://www.gov.cn/yaowen/liebiao/202605/content_7067765.htm
17,习近平给中国青年五四奖章暨新时代青年先锋奖获奖者代表的回信,2026-05-03,https://www.gov.cn/yaowen/liebiao/202605/content_7067729.htm
18,习近平回信勉励中国青年五四奖章暨新时代青年先锋奖获奖者代表 胸怀远大理想矢志拼搏奋斗 带动广大青年把个人追求融入国家发展大局,2026-05-03,https://www.gov.cn/yaowen/liebiao/202605/content_7067728.htm
19,总书记的人民情怀 | “涉及老百姓的事情关键在实”,2026-05-03,https://www.gov.cn/yaowen/liebiao/202605/content_7067725.htm
20,总书记的人民情怀 | “稳步增进广大职工和劳动群众福祉”,2026-05-01,https://www.gov.cn/yaowen/liebiao/202605/content_7067651.htm
21,开局之年，总书记对加强基础研究作出战略部署,2026-05-01,https://www.gov.cn/yaowen/liebiao/202605/content_7067650.htm
22,“光荣属于劳动者，幸福属于劳动者”——习近平总书记同劳动者在一起的故事,2026-05-01,https://www.gov.cn/yaowen/liebiao/202605/content_7067641.htm
23,在“五一”国际劳动节到来之际 习近平向全国广大劳动群众致以节日祝贺和诚挚慰问,2026-04-30,https://www.gov.cn/yaowen/liebiao/202604/content_7067583.htm
24,习近平：在省部级主要领导干部学习贯彻党的二十届四中全会精神专题研讨班上的讲话,2026-04-30,https://www.gov.cn/yaowen/liebiao/202604/content_7067548.htm
25,《求是》杂志发表习近平总书记重要文章《在省部级主要领导干部学习贯彻党的二十届四中全会精神专题研讨班上的讲话》,2026-04-30,https://www.gov.cn/yaowen/liebiao/202604/content_7067533.htm
26,习近平在加强基础研究座谈会上强调：以更大力度更实举措加强基础研究 进一步打牢科技强国建设根基,2026-04-30,https://www.gov.cn/yaowen/liebiao/202604/content_7067520.htm
27,中华人民共和国主席令（第七十六号）,2026-04-30,https://www.gov.cn/yaowen/liebiao/202604/content_7067518.htm
28,中华人民共和国主席令（第七十五号）,2026-04-30,https://www.gov.cn/yaowen/liebiao/202604/content_7067516.htm
29,中华人民共和国主席令（第七十四号）,2026-04-30,https://www.gov.cn/yaowen/liebiao/202604/content_7067514.htm
30,总书记的人民情怀 | “高质量发展离不开高质量的劳动创造”,2026-04-30,https://www.gov.cn/yaowen/liebiao/202604/content_7067481.htm
31,习近平在中共中央政治局第二十五次集体学习时强调：着力提高防范应对自然灾害能力 切实维护人民群众生命财产安全,2026-04-29,https://www.gov.cn/yaowen/liebiao/202604/content_7067374.htm
32,习近平向上海合作组织绿色和可持续发展论坛致贺信,2026-04-29,https://www.gov.cn/yaowen/liebiao/202604/content_7067342.htm
33,中共中央政治局召开会议 分析研究当前经济形势和经济工作 中共中央总书记习近平主持会议,2026-04-28,https://www.gov.cn/yaowen/liebiao/202604/content_7067187.htm
34,总书记的人民情怀 | “中国式现代化离不开农业农村现代化”,2026-04-28,https://www.gov.cn/yaowen/liebiao/202604/content_7067173.htm
35,习近平同佛得角总统内韦斯就中佛建交50周年互致贺电,2026-04-25,https://www.gov.cn/yaowen/liebiao/202604/content_7066968.htm
36,习近平同老挝人民革命党中央委员会总书记、国家主席通伦就中老建交65周年互致贺电,2026-04-25,https://www.gov.cn/yaowen/liebiao/202604/content_7066967.htm
37,习近平向伊拉克新任总统阿米迪致贺电,2026-04-24,https://www.gov.cn/yaowen/liebiao/202604/content_7066870.htm
38,习近平致电祝贺瓦达尼当选贝宁总统,2026-04-24,https://www.gov.cn/yaowen/liebiao/202604/content_7066817.htm
39,习近平近日作出重要指示强调：把“义乌发展经验”进一步总结好运用好 探索走出符合各自实际的高质量发展之路,2026-04-23,https://www.gov.cn/yaowen/liebiao/202604/content_7066680.htm
40,习近平同莫桑比克总统查波会谈,2026-04-21,https://www.gov.cn/yaowen/liebiao/202604/content_7066525.htm
41,《求是》杂志发表习近平总书记重要文章《做焦裕禄式的县委书记》,2026-06-30,https://www.gov.cn/yaowen/liebiao/202606/content_7073766.htm
42,庆祝中国共产党成立105周年音乐会《人民至上》在京举行 习近平李强赵乐际王沪宁蔡奇丁薛祥李希韩正出席观看,2026-06-29,https://www.gov.cn/yaowen/liebiao/202606/content_7073700.htm
43,庆祝中国共产党成立105周年大会7月1日上午在京隆重举行 习近平将向“七一勋章”获得者颁授勋章并发表重要讲话,2026-06-29,https://www.gov.cn/yaowen/liebiao/202606/content_7073660.htm
44,习近平会见白俄罗斯总统卢卡申科,2026-06-29,https://www.gov.cn/yaowen/liebiao/202606/content_7073611.htm
45,永远把伟大建党精神继承下去、发扬光大——习近平总书记引领弘扬光荣传统、赓续红色血脉,2026-06-29,https://www.gov.cn/yaowen/liebiao/202606/content_7073600.htm
46,中华人民共和国主席令（第七十九号）,2026-06-26,https://www.gov.cn/yaowen/liebiao/202606/content_7073454.htm
47,中华人民共和国主席令（第七十八号）,2026-06-26,https://www.gov.cn/yaowen/liebiao/202606/content_7073453.htm
48,中华人民共和国主席令（第七十七号）,2026-06-26,https://www.gov.cn/yaowen/liebiao/202606/content_7073450.htm
49,习近平就委内瑞拉发生强烈地震向委内瑞拉代总统罗德里格斯致慰问电,2026-06-26,https://www.gov.cn/yaowen/liebiao/202606/content_7073425.htm
50,习近平会见柬埔寨人民党主席、参议院主席洪森,2026-06-26,https://www.gov.cn/yaowen/liebiao/202606/content_7073363.htm
51,习近平会见孟加拉国总理塔里克,2026-06-26,https://www.gov.cn/yaowen/liebiao/202606/content_7073359.htm
52,“在党的领导下把家园建设得越来越美”——习近平总书记在山东德州考察纪实,2026-06-25,https://www.gov.cn/yaowen/liebiao/202606/content_7073301.htm
53,习近平在山东德州考察时强调 以扎实举措推进农业农村现代化 用勤劳和智慧创造更加美好生活,2026-06-24,https://www.gov.cn/yaowen/liebiao/202606/content_7073194.htm
54,《习近平党建文选》第一卷、第二卷主要篇目介绍,2026-06-23,https://www.gov.cn/yaowen/liebiao/202606/content_7073084.htm
55,《习近平党建文选》第一卷、第二卷出版发行,2026-06-23,https://www.gov.cn/yaowen/liebiao/202606/content_7073073.htm
56,总书记的人民情怀 | “必须把我们党建设好、建设强”,2026-06-22,https://www.gov.cn/yaowen/liebiao/202606/content_7072818.htm
57,习近平给新华社老党员张连生的回信,2026-06-18,https://www.gov.cn/yaowen/liebiao/202606/content_7072587.htm
58,习近平给新华社老党员张连生回信强调 传承红色基因 在新征程上书写优异答卷,2026-06-18,https://www.gov.cn/yaowen/liebiao/202606/content_7072584.htm
59,习近平对常态化做好东西部协作工作作出重要指示,2026-06-17,https://www.gov.cn/yaowen/liebiao/202606/content_7072506.htm
60,习近平同缅甸总统敏昂莱会谈,2026-06-16,https://www.gov.cn/yaowen/liebiao/202606/content_7072296.htm
61,习近平党建思想指引强党强国之路,2026-06-15,https://www.gov.cn/yaowen/liebiao/202606/content_7072199.htm
62,不断开辟百年大党管党治党、兴党强党新境界——深入学习领会习近平党建思想,2026-06-15,https://www.gov.cn/yaowen/liebiao/202606/content_7072195.htm
63,习近平：一体推进教育科技人才发展,2026-06-15,https://www.gov.cn/yaowen/liebiao/202606/content_7072132.htm
64,《求是》杂志发表习近平总书记重要文章《一体推进教育科技人才发展》,2026-06-15,https://www.gov.cn/yaowen/liebiao/202606/content_7072129.htm
65,守护好中华民族的文化瑰宝——习近平文化思想指引我国文化遗产保护传承工作高质量发展,2026-06-13,https://www.gov.cn/yaowen/liebiao/202606/content_7071986.htm
66,文脉长存 瑰宝长青——在习近平文化思想引领下文化和自然遗产保护传承利用工作开创新局面,2026-06-13,https://www.gov.cn/yaowen/liebiao/202606/content_7071972.htm
67,《习近平外交文选》第一卷、第二卷主要篇目介绍,2026-06-11,https://www.gov.cn/yaowen/liebiao/202606/content_7071836.htm
68,《习近平外交文选》第一卷、第二卷出版发行,2026-06-11,https://www.gov.cn/yaowen/liebiao/202606/content_7071837.htm
69,让中朝传统友谊之树更加根深叶茂——习近平总书记对朝鲜进行国事访问纪实,2026-06-10,https://www.gov.cn/yaowen/liebiao/202606/content_7071776.htm
70,守护蔚蓝 向海图强——习近平总书记关于推动海洋经济高质量发展重要论述引领海洋强国建设,2026-06-10,https://www.gov.cn/yaowen/liebiao/202606/content_7071738.htm
71,习近平结束对朝鲜国事访问回到北京,2026-06-09,https://www.gov.cn/yaowen/liebiao/202606/content_7071621.htm
72,习近平出席金正恩举行的欢送仪式,2026-06-09,https://www.gov.cn/yaowen/liebiao/202606/content_7071619.htm
73,习近平夫妇出席金正恩夫妇举行的小范围午宴,2026-06-09,https://www.gov.cn/yaowen/liebiao/202606/content_7071615.htm
74,习近平同格鲁吉亚总统卡韦拉什维利就中格建交34周年互致贺电并共同宣布将双边关系提升为全面战略伙伴关系,2026-06-09,https://www.gov.cn/yaowen/liebiao/202606/content_7071578.htm
75,习近平参访朝鲜劳动党中央干部学校,2026-06-09,https://www.gov.cn/yaowen/liebiao/202606/content_7071564.htm
76,习近平和彭丽媛参谒中朝友谊塔,2026-06-09,https://www.gov.cn/yaowen/liebiao/202606/content_7071562.htm
77,习近平向加拿大新任总督路易丝·阿伯致贺电,2026-06-09,https://www.gov.cn/yaowen/liebiao/202606/content_7071551.htm
78,习近平和彭丽媛观看朝鲜专场文艺演出,2026-06-08,https://www.gov.cn/yaowen/liebiao/202606/content_7071529.htm
79,习近平出席金正恩举行的欢迎宴会,2026-06-08,https://www.gov.cn/yaowen/liebiao/202606/content_7071505.htm
80,习近平同金正恩举行会谈,2026-06-08,https://www.gov.cn/yaowen/liebiao/202606/content_7071471.htm
